Название,Цена,Бренд,Страна,Объем,Штук в ящике,Вид,Крепость,Выдержка,Температура подачи,Вкус,Цвет,Коктейли,Гастрономическая совместимость,Размеры,Вес,Описание,Ссылка на изображение
Горілка Absolut 1л 40%,605,Абсолют,Швеція,1,12,Горілка,40,немає,,"дуже м'який, пряний, насичений, зі свіжим зерновим відтінком. Післясмак тривалий, рівний і елегантний","прозорий, чистий","Absolut Bloody Mary, Cosmopolitan, Absolut Hot Sweet Basil","ідеальна основа для створення креативних коктейлів, якою також можна насолодитися в чистому вигляді",,"1,7","Початок виробництва шведської горілки сягає XV століття — саме тоді скандинави почали виготовляти напій ""Branvin"", назва якого перекладається як «вогняне вино». Згодом дистильований спирт, названий горілкою, використовувався як медичний засіб, а в XVII столітті горілка стала національним шведським напоєм.Історія Absolut налічує 130 років — перша пляшка Absolut була випущена в 1879 році. Саме тоді підприємець Ларс Олссон Сміт представив новий різновид горілки Absolut rent Bränvin, що в перекладі означає «абсолютно чиста горілка». Цей інноваційний продукт відрізнявся від подібних собі революційною технологією виробництва, в основі якої була безперервна дистиляція, що дало змогу якнайкраще очистити продукт від непотрібних домішок і зберегти його природний характер. Метод ректифікації використовується й до цього дня у виробництві горілки Absolut, а портрет Ларса Олссона Сміта, що заслужив ім'я «Король горілки», прикрашає кожну пляшку Absolut.Через 100 років після появи Absolut rent Bränvin, у 1979 році, шведською компанією V&S Group було прийняте рішення про експорт горілки Absolut у США. На сьогодні Absolut продається на 126 ринках і є найбільшим алкогольним брендом, який займає лідерські позиції за кількістю продажу.Кожна крапля горілки Absolut народжується в одному єдиному місці — містечку Ахус, розташованому на півдні Швеції. Починаючи з добірної озимої пшениці, закінчуючи водою з власного артезіанського джерела, Ахус надає всю необхідну сировину для мільйонів пляшок, що продаються в усьому світі.Багатовіковий досвід показує, що озима пшениця дає змогу приготувати горілку найкращої якості. Саме тому для виробництва кожної пляшки Absolut використовується понад 1 кг зерна. Усі представники сімейства Absolut дистилюються сотні разів, перш ніж вони зможуть називатися горілкою Absolut. Саме в цьому полягає суть процесу безперервної дистиляції, що входить в основу технології виробництва Absolut. Для всього сімейства Absolut використовуються тільки натуральні інгредієнти без додавання цукру.Дистиляція горілки в одному місці з використанням місцевих інгредієнтів дає повний контроль на всіх етапах виробництва та забезпечує високі стандарти якості в кожній краплі горілки Absolut. ",parse/image/vodka/7fcc94eb6bfd6c6e3965761b8a7675fd.jpg.webp.png
"Горілка Absolut 0,7л 40%",449,Абсолют,Швеція,0.7,12,Горілка,40,немає,8-12°C,"дуже м'який, пряний, насичений, зі свіжим зерновим відтінком. Післясмак тривалий, рівний і елегантний","прозорий, чистий","Absolut Bloody Mary, Cosmopolitan, Absolut Hot Sweet Basil","ідеальна основа для створення креативних коктейлів, якою також можна насолодитися в чистому вигляді","8,5 x 8,5 x 22,8","1,22","Початок виробництва шведської горілки сягає XV століття — саме тоді скандинави почали виготовляти напій ""Branvin"", назва якого перекладається як «вогняне вино». Згодом дистильований спирт, названий горілкою, використовувався як медичний засіб, а в XVII столітті горілка стала національним шведським напоєм. Історія Absolut налічує 130 років — перша пляшка Absolut була випущена в 1879 році. Саме тоді підприємець Ларс Олссон Сміт представив новий різновид горілки Absolut rent Bränvin, що в перекладі означає «абсолютно чиста горілка». Цей інноваційний продукт відрізнявся від подібних собі революційною технологією виробництва, в основі якої була безперервна дистиляція, що дало змогу якнайкраще очистити продукт від непотрібних домішок і зберегти його природний характер. Метод ректифікації використовується й до цього дня у виробництві горілки Absolut, а портрет Ларса Олссона Сміта, що заслужив ім'я «Король горілки», прикрашає кожну пляшку Absolut. Через 100 років після появи Absolut rent Bränvin, у 1979 році, шведською компанією V&S Group було прийняте рішення про експорт горілки Absolut у США. На сьогодні Absolut продається на 126 ринках і є найбільшим алкогольним брендом, який займає лідерські позиції за кількістю продажу. Кожна крапля горілки Absolut народжується в одному єдиному місці — містечку Ахус, розташованому на півдні Швеції. Починаючи з добірної озимої пшениці, закінчуючи водою з власного артезіанського джерела, Ахус надає всю необхідну сировину для мільйонів пляшок, що продаються в усьому світі. Багатовіковий досвід показує, що озима пшениця дає змогу приготувати горілку найкращої якості. Саме тому для виробництва кожної пляшки Absolut використовується понад 1 кг зерна. Усі представники сімейства Absolut дистилюються сотні разів, перш ніж вони зможуть називатися горілкою Absolut. Саме в цьому полягає суть процесу безперервної дистиляції, що входить в основу технології виробництва Absolut. Для всього сімейства Absolut використовуються тільки натуральні інгредієнти без додавання цукру. Дистиляція горілки в одному місці з використанням місцевих інгредієнтів дає повний контроль на всіх етапах виробництва та забезпечує високі стандарти якості в кожній краплі горілки Absolut. ",parse/image/vodka/d06d5d954221aa665cf6d014e9bd1b19.jpg.webp.png
"Горілка Absolut Mandrin 0,7л 40%",449,Абсолют,Швеція,,12,Горілка,40,немає,8-12°C,"цей сорт горілки відрізняється складним, м'яким, насиченим смаком стиглих мандаринів з відтінком апельсина і ноткою апельсинової цедри","прозорий, чистий",Absolut Mandrin Crush,"для всіх, хто любить цитрусові, Absolut Mandrin стане ідеальним аперитивом – просто додайте трохи льоду. Однак на основі цієї горілки можна приготувати безліч чудових напоїв","8,4 х 8,4 х 23,1","1,18","Початок виробництва шведської горілки сягає XV століття — саме тоді скандинави почали виготовляти напій ""Branvin"", назва якого перекладається як «вогняне вино». Згодом дистильований спирт, названий горілкою, використовувався як медичний засіб, а в XVII столітті горілка стала національним шведським напоєм.Історія Absolut налічує 130 років — перша пляшка Absolut була випущена в 1879 році. Саме тоді підприємець Ларс Олссон Сміт представив новий різновид горілки Absolut rent Bränvin, що в перекладі означає «абсолютно чиста горілка». Цей інноваційний продукт відрізнявся від подібних собі революційною технологією виробництва, в основі якої була безперервна дистиляція, що дало змогу якнайкраще очистити продукт від непотрібних домішок і зберегти його природний характер. Метод ректифікації використовується й до цього дня у виробництві горілки Absolut, а портрет Ларса Олссона Сміта, що заслужив ім'я «Король горілки», прикрашає кожну пляшку Absolut.Через 100 років після появи Absolut rent Bränvin, у 1979 році, шведською компанією V&S Group було прийняте рішення про експорт горілки Absolut у США. На сьогодні Absolut продається на 126 ринках і є найбільшим алкогольним брендом, який займає лідерські позиції за кількістю продажу.Кожна крапля горілки Absolut народжується в одному єдиному місці — містечку Ахус, розташованому на півдні Швеції. Починаючи з добірної озимої пшениці, закінчуючи водою з власного артезіанського джерела, Ахус надає всю необхідну сировину для мільйонів пляшок, що продаються в усьому світі.Багатовіковий досвід показує, що озима пшениця дає змогу приготувати горілку найкращої якості. Саме тому для виробництва кожної пляшки Absolut використовується понад 1 кг зерна. Усі представники сімейства Absolut дистилюються сотні разів, перш ніж вони зможуть називатися горілкою Absolut. Саме в цьому полягає суть процесу безперервної дистиляції, що входить в основу технології виробництва Absolut. Для всього сімейства Absolut використовуються тільки натуральні інгредієнти без додавання цукру.Дистиляція горілки в одному місці з використанням місцевих інгредієнтів дає повний контроль на всіх етапах виробництва та забезпечує високі стандарти якості в кожній краплі горілки Absolut. ",parse/image/vodka/d3f49a02d1e30b88c888bb3326353f2f.jpg.webp.png
"Горілка Absolut Grapefruit 0,7л 40%",449,горілка Absolut Grapefruit,Швеція,,6,Горілка,40,,8-12 з,"Виразний смак найчистішої зернової горілки в комплексі з ніжними грейпфрутовими нотами, доповненими плавними частками інших цитрусових.","Прозорий, чистий",,"Повнота смаку дає змогу змішувати напій з великою кількістю інгредієнтів для приготування модних і класичних коктейлів, а також насолоджуватися ним у чистому вигляді",8.4 x 8.4 x 23.1,"1,22","Початок виробництва шведської горілки сягає XV століття — саме тоді скандинави почали виготовляти напій ""Branvin"", назва якого перекладається як «вогняне вино». Згодом дистильований спирт, названий горілкою, використовувався як медичний засіб, а в XVII столітті горілка стала національним шведським напоєм.Історія Absolut налічує 130 років — перша пляшка Absolut була випущена в 1879 році. Саме тоді підприємець Ларс Олссон Сміт представив новий різновид горілки Absolut rent Bränvin, що в перекладі означає «абсолютно чиста горілка». Цей інноваційний продукт відрізнявся від подібних собі революційною технологією виробництва, в основі якої була безперервна дистиляція, що дало змогу якнайкраще очистити продукт від непотрібних домішок і зберегти його природний характер. Метод ректифікації використовується й до цього дня у виробництві горілки Absolut, а портрет Ларса Олссона Сміта, що заслужив ім'я «Король горілки», прикрашає кожну пляшку Absolut.Через 100 років після появи Absolut rent Bränvin, у 1979 році, шведською компанією V&S Group було прийняте рішення про експорт горілки Absolut у США. На сьогодні Absolut продається на 126 ринках і є найбільшим алкогольним брендом, який займає лідерські позиції за кількістю продажу.Кожна крапля горілки Absolut народжується в одному єдиному місці — містечку Ахус, розташованому на півдні Швеції. Починаючи з добірної озимої пшениці, закінчуючи водою з власного артезіанського джерела, Ахус надає всю необхідну сировину для мільйонів пляшок, що продаються в усьому світі.Багатовіковий досвід показує, що озима пшениця дає змогу приготувати горілку найкращої якості. Саме тому для виробництва кожної пляшки Absolut використовується понад 1 кг зерна. Усі представники сімейства Absolut дистилюються сотні разів, перш ніж вони зможуть називатися горілкою Absolut. Саме в цьому полягає суть процесу безперервної дистиляції, що входить в основу технології виробництва Absolut. Для всього сімейства Absolut використовуються тільки натуральні інгредієнти без додавання цукру.Дистиляція горілки в одному місці з використанням місцевих інгредієнтів дає повний контроль на всіх етапах виробництва та забезпечує високі стандарти якості в кожній краплі горілки Absolut. ",parse/image/vodka/52ea20f852f49a3057ae7c1d06ed5035.jpg.webp.png
"Горілка Absolut Citron 0,7л 40%",449,Абсолют,Швеція,0.7,12,Горілка,40,немає,,"М'який, пряний, зі смаком свіжих цитрусових. Післясмак тривалий і м'який","прозорий, чистий",Absolut Cosmopolitan,"повнота смаку Absolut Citron дозволяє змішувати напій з великою кількістю інгредієнтів для приготування модних і класичних коктейлів, а також насолоджуватися ним в чистому вигляді",,"1,22","Початок виробництва шведської горілки сягає XV століття — саме тоді скандинави почали виготовляти напій ""Branvin"", назва якого перекладається як «вогняне вино». Згодом дистильований спирт, названий горілкою, використовувався як медичний засіб, а в XVII столітті горілка стала національним шведським напоєм.Історія Absolut налічує 130 років — перша пляшка Absolut була випущена в 1879 році. Саме тоді підприємець Ларс Олссон Сміт представив новий різновид горілки Absolut rent Bränvin, що в перекладі означає «абсолютно чиста горілка». Цей інноваційний продукт відрізнявся від подібних собі революційною технологією виробництва, в основі якої була безперервна дистиляція, що дало змогу якнайкраще очистити продукт від непотрібних домішок і зберегти його природний характер. Метод ректифікації використовується й до цього дня у виробництві горілки Absolut, а портрет Ларса Олссона Сміта, що заслужив ім'я «Король горілки», прикрашає кожну пляшку Absolut.Через 100 років після появи Absolut rent Bränvin, у 1979 році, шведською компанією V&S Group було прийняте рішення про експорт горілки Absolut у США. На сьогодні Absolut продається на 126 ринках і є найбільшим алкогольним брендом, який займає лідерські позиції за кількістю продажу.Кожна крапля горілки Absolut народжується в одному єдиному місці — містечку Ахус, розташованому на півдні Швеції. Починаючи з добірної озимої пшениці, закінчуючи водою з власного артезіанського джерела, Ахус надає всю необхідну сировину для мільйонів пляшок, що продаються в усьому світі.Багатовіковий досвід показує, що озима пшениця дає змогу приготувати горілку найкращої якості. Саме тому для виробництва кожної пляшки Absolut використовується понад 1 кг зерна. Усі представники сімейства Absolut дистилюються сотні разів, перш ніж вони зможуть називатися горілкою Absolut. Саме в цьому полягає суть процесу безперервної дистиляції, що входить в основу технології виробництва Absolut. Для всього сімейства Absolut використовуються тільки натуральні інгредієнти без додавання цукру.Дистиляція горілки в одному місці з використанням місцевих інгредієнтів дає повний контроль на всіх етапах виробництва та забезпечує високі стандарти якості в кожній краплі горілки Absolut. ",parse/image/vodka/fbf3f7033bbee7a54bd4e8fd79348fa4.jpg.webp.png
"Горілка Finlandia 0,7л 40%",366,Фінляндія,Фінляндія,0.7,12,Горілка,40,немає,10 ° з,"М'який, солодкуватий з пряним післясмаком",Прозорий,Finlandia Bloody Mary,Дижестив,"31,8 х 7,7 х 7,7","1,273","З дня свого народження в 1970 кожна крапля преміальної горілки виробляється тільки у Фінляндії. Джерельно-льодовикова вода, яка застосовується у виробництві цієї горілки, є дорогоцінним даром природи — ідеально чистою, тому не потребує будь-якої додаткової обробки. Спирт виготовляють основі шестирядного ячменю, дозріває під північним сонцем — особливим природним явищем, коли протягом 73 днів над Фінляндією не зайде сонце. Під північним сонцем ячмінь неспішно зріє, перетворюючись на ніжні золотисті колоски, завдяки чому в них майже не дозрівають природні олії. Ультрасучасний процес дистиляції за допомогою 7-ми 25-метрових колон з більш ніж 200 кроками дистиляції дозволяє не робити додаткову фільтрацію спирту, оскільки не залишається жодних сторонніх домішок. Все це забезпечує горілці натуральний, чистий, м'який та свіжий смак. Унікальна пляшка створена відомим фінським дизайнером Харрі Коскіненом спеціально для цієї унікальної горілки. З осені 2018 року компанія Brown-Forman представила новий дизайн* пляшки горілки в Україні, яка підкреслює красу льоду, що тане, і лаконічність фінської природи. При отриманні замовлення допускається продукт попереднього дизайну пляшки. ",parse/image/vodka/2bf7331271549661a0f6677a8246c2a9.jpg.webp.png
"Горілка Finlandia 0,5л 40%",249,Фінляндія,Фінляндія,0.5,12,Горілка,40,немає,10 ° з,"М'який, солодкуватий з пряним післясмаком",Прозорий,Finlandia Bloody Mary,Дижестив,"28,5 x 6,7 x 6,7","0,883","З дня свого народження в 1970 кожна крапля преміальної горілки виробляється тільки у Фінляндії. Джерельно-льодовикова вода, яка застосовується у виробництві цієї горілки, є дорогоцінним даром природи — ідеально чистою, тому не потребує будь-якої додаткової обробки. Спирт виготовляють основі шестирядного ячменю, дозріває під північним сонцем — особливим природним явищем, коли протягом 73 днів над Фінляндією не зайде сонце. Під північним сонцем ячмінь неспішно зріє, перетворюючись на ніжні золотисті колоски, завдяки чому в них майже не дозрівають природні олії. Ультрасучасний процес дистиляції за допомогою 7-ми 25-метрових колон з більш ніж 200 кроками дистиляції дозволяє не робити додаткову фільтрацію спирту, оскільки не залишається жодних сторонніх домішок. Все це забезпечує горілці натуральний, чистий, м'який та свіжий смак. Унікальна пляшка створена відомим фінським дизайнером Харрі Коскіненом спеціально для цієї унікальної горілки. З осені 2018 року компанія Brown-Forman представила новий дизайн* пляшки горілки в Україні, яка підкреслює красу льоду, що тане, і лаконічність фінської природи. При отриманні замовлення допускається продукт попереднього дизайну пляшки. ",parse/image/vodka/c2bb3711be2d743decafd8cf50f7146d.jpg.webp.png
Горілка Finlandia 1л 40%,504,Фінляндія,Фінляндія,1,12,Горілка,40,немає,10 °С,"М'який, солодкуватий з пряним післясмаком",Прозорий,Finlandia Bloody Mary,Дижестив,"32,3 х 9 х 9","1,692","Горілка Finlandia 1л 40% Купити горілка Finlandia 1л 40% в асортименті і замовити за найкращими цінами можна на нашому сайті RUMKA.ONLINE. З дня свого народження в 1970 році кожна крапля преміальної горілки горілка Finlandia Фінляндія 1 л 40% виробляється тільки у Фінляндії. Джерельно-льодовикова вода, яка застосовується у виробництві цієї горілки, є дорогоцінним даром природи-ідеально чистою, тому не вимагає будь-якої додаткової обробки. Спирт виробляється на основі шестирядного ячменю, дозріває під Північним сонцем — особливим природним явищем, коли протягом 73 днів над Фінляндією не зайде сонце. Під Північним сонцем ячмінь неспішно зріє, перетворюючись в ніжні золотисті колоски, завдяки чому в них майже не дозрівають природні масла. Ультрасучасний процес дистиляції за допомогою 7-ми 25-метрових колон з більш ніж 200 кроками дистиляції дозволяє не робити додаткову фільтрацію спирту, так як не залишається ніяких сторонніх домішок. Все це забезпечує горілці горілка Finlandia Фінляндія 1 л 40% натуральний, чистий, м'який і свіжий смак. Унікальна пляшка створена відомим фінським дизайнером Харрі Коскіненом спеціально для цієї унікальної горілки. З осені 2018 року компанія Brown-Forman представила новий дизайн* пляшки горілки горілка Finlandia Фінляндія 1 л 40% в Україні, яка підкреслює красу танучого льоду і лаконічність фінської природи.*при отриманні замовлення допускається продукт в попередньому дизайні пляшки. ",parse/image/vodka/ed8e1d37daa478721d83900820b20b9e.jpg.webp.png
"Горілка Finlandia Чорна Смородина 0,5л 37,5%",273,Finlandia,Фінляндія,0.5,12,Горілка,37.5,немає,10 ° з,Смородина,Прозорий,Finlandia Blackcurrant & Апельсиновий Сік,Дижестив,"28,5 х 6,7 х 6,7","0,883","З дня свого народження в 1970 кожна крапля преміальної горілки виробляється тільки у Фінляндії. Джерельно-льодовикова вода, яка застосовується у виробництві цієї горілки, є дорогоцінним даром природи — ідеально чистою, тому не потребує будь-якої додаткової обробки. Спирт виготовляють основі шестирядного ячменю, дозріває під північним сонцем — особливим природним явищем, коли протягом 73 днів над Фінляндією не зайде сонце. Під північним сонцем ячмінь неспішно зріє, перетворюючись на ніжні золотисті колоски, завдяки чому в них майже не дозрівають природні олії. Ультрасучасний процес дистиляції за допомогою 7-ми 25-метрових колон з більш ніж 200 кроками дистиляції дозволяє не робити додаткову фільтрацію спирту, оскільки не залишається жодних сторонніх домішок. Все це забезпечує горілці натуральний, чистий, м'який та свіжий смак. Унікальна пляшка створена відомим фінським дизайнером Харрі Коскіненом спеціально для цієї унікальної горілки. З осені 2018 року компанія Brown-Forman представила новий дизайн* пляшки горілки в Україні, яка підкреслює красу льоду, що тане, і лаконічність фінської природи. При отриманні замовлення допускається продукт попереднього дизайну пляшки. ",parse/image/vodka/fd225295314a9377b67b592610a20cdc.jpg.webp.png
"Горілка Finlandia Чорна смородина 0,05л 37,5%",47,Finlandia,Фінляндія,0.05,12,Горілка,37.5,немає,10 ° з,Смородина,Прозорий,Finlandia Blackcurrant & Апельсиновий Сік,Дижестив,33 х 22 х 11,"1,8","З дня свого народження в 1970 кожна крапля преміальної горілки виробляється тільки у Фінляндії. Джерельно-льодовикова вода, яка застосовується у виробництві цієї горілки, є дорогоцінним даром природи — ідеально чистою, тому не потребує будь-якої додаткової обробки. Спирт виготовляють основі шестирядного ячменю, дозріває під північним сонцем — особливим природним явищем, коли протягом 73 днів над Фінляндією не зайде сонце. Під північним сонцем ячмінь неспішно зріє, перетворюючись на ніжні золотисті колоски, завдяки чому в них майже не дозрівають природні олії. Ультрасучасний процес дистиляції за допомогою 7-ми 25-метрових колон з більш ніж 200 кроками дистиляції дозволяє не робити додаткову фільтрацію спирту, оскільки не залишається жодних сторонніх домішок. Все це забезпечує горілці натуральний, чистий, м'який та свіжий смак. Унікальна пляшка створена відомим фінським дизайнером Харрі Коскіненом спеціально для цієї унікальної горілки. З осені 2018 року компанія Brown-Forman представила новий дизайн* пляшки горілки в Україні, яка підкреслює красу льоду, що тане, і лаконічність фінської природи. При отриманні замовлення допускається продукт попереднього дизайну пляшки. ",parse/image/vodka/f572ef41fb52e8a0ded71a17456ce6b2.jpg.webp.png
"Горілка Finlandia Чорна Смородина 1л 37,5%",503,Finlandia,Фінляндія,1,12,Горілка,37.5,немає,10 °С,Смородина,Прозорий,Finlandia Blackcurrant & Апельсиновий Сік,Дижестив,"32,3 х 9 х 9","1,692","Горілка Finlandia Чорна Смородина 1л 37,5%Купити горілка Finlandia Чорна Смородина 1 л 37.5% в асортименті і замовити за найкращими цінами можна на нашому сайті RUMKA.ONLINE.З дня свого народження в 1970 році кожна крапля преміальної горілки Finlandia Чорна Смородина виробляється тільки у Фінляндії. Джерельно-льодовикова вода, яка застосовується у виробництві цієї горілки, є дорогоцінним даром природи-ідеально чистою, тому не вимагає будь-якої додаткової обробки.Спирт виробляється на основі шестирядного ячменю, дозріває під Північним сонцем — особливим природним явищем, коли протягом 73 днів над Фінляндією не зайде сонце. Під Північним сонцем ячмінь неспішно зріє, перетворюючись в ніжні золотисті колоски, завдяки чому в них майже не дозрівають природні масла.Ультрасучасний процес дистиляції за допомогою 7-ми 25-метрових колон з більш ніж 200 кроками дистиляції дозволяє не робити додаткову фільтрацію спирту, так як не залишається ніяких сторонніх домішок.Все це забезпечує горілці Finlandia Чорна Смородина натуральний, чистий, м'який і свіжий смак.Унікальна пляшка створена відомим фінським дизайнером Харрі Коскіненом спеціально для цієї унікальної горілки. З осені 2018 року компанія Brown-Forman представила новий дизайн* пляшки горілки Finlandia Чорна Смородина в Україні, яка підкреслює красу танучого льоду і лаконічність фінської природи.*при отриманні замовлення допускається продукт в попередньому дизайні пляшки. ",parse/image/vodka/00-00004966.jpg.webp.png
"Горілка Finlandia Журавлина 1л 37,5%",504,Фінляндія,Фінляндія,1,12,Горілка,37.5,немає,10 °С,Журавлина,Червоний,Finlandia Redberry & Sprite,Дижестив,"32,3 х 9 х 9","1,692","Горілка Finlandia Журавлина 1л 37,5% Купити горілка Finlandia Журавлина 1л 37,5% в асортименті і замовити за найкращими цінами можна на нашому сайті RUMKA.ONLINE. З дня свого народження в 1970 році кожна крапля преміальної горілки Finlandia Журавлина 1 л 37.5% виробляється тільки у Фінляндії. Джерельно-льодовикова вода, яка застосовується у виробництві цієї горілки, є дорогоцінним даром природи-ідеально чистою, тому не вимагає будь-якої додаткової обробки. Спирт виробляється на основі шестирядного ячменю, дозріває під Північним сонцем — особливим природним явищем, коли протягом 73 днів над Фінляндією не зайде сонце. Під Північним сонцем ячмінь неспішно зріє, перетворюючись в ніжні золотисті колоски, завдяки чому в них майже не дозрівають природні масла. Ультрасучасний процес дистиляції за допомогою 7-ми 25-метрових колон з більш ніж 200 кроками дистиляції дозволяє не робити додаткову фільтрацію спирту, так як не залишається ніяких сторонніх домішок. Все це забезпечує горілці Finlandia Журавлина 1 л 37.5% натуральний, чистий, м'який і свіжий смак. Унікальна пляшка створена відомим фінським дизайнером Харрі Коскіненом спеціально для цієї унікальної горілки. З осені 2018 року компанія Brown-Forman представила новий дизайн* пляшки горілки Finlandia Журавлина 1 л 37.5% в Україні, яка підкреслює красу танучого льоду і лаконічність фінської природи.*при отриманні замовлення допускається продукт в попередньому дизайні пляшки. ",parse/image/vodka/6306d81aa680571c7dbe4f33c7f42f3f.jpg.webp.png
"Горілка  Finlandia Грейпфрут 1л 37,5%",504,Finlandia,Фінляндія,,,Горілка,37.5,немає,10 °С,Грейпфрута,Прозорий,Finlandia Grapefruit & Tonic,Дижестив,"32,3 х 9 х 9","1,692","Горілка Finlandia Грейпфрут 1л 37,5%Купити горілка Finlandia Grapefruit Фінляндія Грейпфрут 1 л 37.5% в асортименті і замовити за найкращими цінами можна на нашому сайті RUMKA.ONLINE.З дня свого народження в 1970 році кожна крапля преміальної горілки Finlandia Грейпфрут 1л 37,5% виробляється тільки у Фінляндії. Джерельно-льодовикова вода, яка застосовується у виробництві цієї горілки, є дорогоцінним даром природи-ідеально чистою, тому не вимагає будь-якої додаткової обробки.Спирт виробляється на основі шестирядного ячменю, дозріває під Північним сонцем — особливим природним явищем, коли протягом 73 днів над Фінляндією не зайде сонце. Під Північним сонцем ячмінь неспішно зріє, перетворюючись в ніжні золотисті колоски, завдяки чому в них майже не дозрівають природні масла.Ультрасучасний процес дистиляції за допомогою 7-ми 25-метрових колон з більш ніж 200 кроками дистиляції дозволяє не робити додаткову фільтрацію спирту, так як не залишається ніяких сторонніх домішок.Все це забезпечує горілці Finlandia Грейпфрут 1л 37,5% натуральний, чистий, м'який і свіжий смак.Унікальна пляшка створена відомим фінським дизайнером Харрі Коскіненом спеціально для цієї унікальної горілки. З осені 2018 року компанія Brown-Forman представила новий дизайн* пляшки горілки Finlandia Грейпфрут 1л 37,5% в Україні, яка підкреслює красу танучого льоду і лаконічність фінської природи.*при отриманні замовлення допускається продукт в попередньому дизайні пляшки. ",parse/image/vodka/8c904cbe0d6d178b043939c883a26726.jpg.webp.png
"Горілка Stoli 0,5л 40%",306,Столична,Латвія,0.5,20,Горілка,40,немає,20-22 °С,"М'який, пряний, з нотками журавлини, а також зігріваючим солодкуватим післясмаком",Кристально чистий,Stoli Mule,Дижестив,,"0,9","Горілка Stoli Vodka без перебільшення може вважатися однією з найкращих і найвідоміших у світі. За свою 80 річну історію цей напій неодноразово отримував нагороди на міжнародних конкурсах і сьогодні використовується в багатьох барах як основа різних коктейлів.Компанія виготовляє якісну горілку з 1938 року. Поєднання інновацій, креативності, сміливості та столітніх традицій дозволяють виробнику генерувати свіжі ідеї та поєднувати сучасність і класику. Stolichnaya виробляються в Латвії на підприємстві Latvijas Balsams, заснованому в Ризі в 1900 році, виключно зі спирту покоління Альфа. Потрійна дистиляція відсікає так звані ""голови"" та ""хвости"". Спирт проходить 4 стадії фільтрації: кварцевий пісок, вугілля, повторна фільтрація крізь кварцевий пісок та крізь фільтрпреси останнього покоління. За історію свого існування горілка Stolichnaya отримала безлічі нагород на міжнародних виставках та конкурсах. Серед останніх золоті медалі відомого журналу The Spirits Business Magazine у 2010 році, 8 медалей, отриманих престижного щорічного конкурсу алкогольних напоїв у США The Beverage Testing Institute International Review of Spirits, а також вища нагорода на Interna Spirits Challenge у 2014 році. ",parse/image/vodka/488f15d6a2bd5543fc950ca685798526.jpg.webp.png
"Горілка Stoli Elit 0,7л 40%",1647,Stoli,Латвія,0.7,6,Горілка,40,немає,10-12 С,М'який і чистий смак з приємним імбирним післясмаком.,Кристально чистий,Stoli Mule,Дижестив,38 х 75 х 75,"1,59","Горілка Stolichnaya Elit 0,7л 40% Купити горілка Stolichnaya Elit 0,7л 40% в асортименті і замовити за найкращими цінами можна на нашому сайті RUMKA.ONLINE. Онлайн-гіпермаркет RUMKA.ONLINE пропонує велику колекцію Stolichnaya Elit, яка припаде до смаку як знавцям і цінителям цього напою, так і тим, хто тільки починає з ним знайомитися. Ми презентуємо виключно ліцензовану продукцію від провідних брендів, які вже заслужили визнання на світовому ринку, а тепер їх продукцію зможе повною мірою оцінити і купити Stolichnaya Elit Київ, Чернігів, Дніпро, Одеса, Харків, Вінниця, Тернопіль, Хмельницьк, Львів, Запоріжжя, Полтава, Суми, Франківськ, Луцьк та Україна. У нас ви можете купити горілка Stolichnaya Elit 0,7л 40% за максимально доступною ціною, з доставкою в усі міста країни: Дніпро, Київ, Одеса, Харків, Запоріжжя та інші. У нашому магазині вас здивує доступна ціна на віскі, відмінна якість продукції та сервісу.в онлайн-гіпермаркет RUMKA.ONLINE ви можете придбати горілка Stolichnaya Elit 0,7л 40% за приємною ціною, а широкий асортимент дозволить кожному знайти свій ідеальний напій.якість і справжність товару підтверджені сертифікатами, а сама продукція пройшла найсуворіший відбір, перш ніж потрапити до нас на полиці.щомісяця ми оновлюємо акційні пропозиції, щоб ви могли ознайомитися з усім спектром видів алкогольних напоїв, не завдаючи удару по кишені.ми пропонуємо велику лінійку алкоголю Власного імпорту, який можна придбати ексклюзивно в RUMKA.ONLINE.купити Stolichnaya Elit в Києві, Одесі, Дніпрі, Харкові, Вінниці та Львові можна як в центрі видачі RUMKA, так і в онлайн-гіпермаркет з можливістю доставки. Замовлення можна оплатити зручним для вас способом.оператори онлайн-гіпермаркет RUMKA.ONLINE дадуть відповідь на всі ваші питання по горілка Stolichnaya Elit 0,7л 40%, а кавісти в маркетах допоможуть підібрати алкогольні напої виходячи з ваших смакових переваг і особливостей заходу. ",parse/image/vodka/58214dd1cbfc5e5a1e3df68ff6d6c715.jpg.webp.png
"Горілка Zubrowka Biala 0,7 л 40%",198,ZUBROWKA,Польща,0.7,12,Горілка,40,немає,5 ºC,"Вишуканий, виключно м'який і чистий смак",Прозорий,"Кровая Мері, Блакитна лагуна, Ірландський мартіні, Слава Україні","горілку краще починати закушувати ситними гарячими стравами, а потім поступово перейти до холодних.У поєднанні з горілкою особливо гарні солоні огірки, гриби і риба","8,04 x 8,04 x 27","1,177","ТОВ ""CEDC Інтернешнл"" — один із провідних виробників і дистриб'юторів горілки в Польщі. Йому належать бренди Zubrowka, Bols, Soplica. CEDC займається дистрибуцією понад 700 брендів, серед яких — Remy Martin, Jagermaster, Metaxa, Corona, Foster's, Jim Beam, Guiness.Про напій:Горілка Zubrowka настоюється на траві «Зубрівка запашна», яка, зростаючи в Біловезькій пущі, є їжею для зубрів, звідки й дістала назву. У народній медицині зубрівку запашну використовують як засіб, що підвищує апетит, підсилює діяльність травного тракту. Наявний у запашній зубрівці глікозид кумарину надає настоянці характерного аромату й терпкого смаку й сприяє апетиту та кращому перетравленню їжі. ",parse/image/vodka/f995f23768811d7e4a7417c3b6dfd748.jpg.webp.png
"Настоянка Zubrowka 0,7л 37,5%",197,ZUBROWKA,Польща,0.7,12,Настоянка,37.5,немає,5 ºC,"чистий, свіжий і тонкий смак з характерним пряним тоном натуральної трави зубрівки",Золотистий,"Apple ZU, Basil Cooler, Татанка","подається до холодного м'яса, дичини, птиці і холодних закусок, ідеальна для приготування коктейлів","8,04 x 8,04 x 27","1,177","ТОВ ""CEDC Інтернешнл"" — один із провідних виробників і дистриб'юторів горілки в Польщі. Йому належать бренди Zubrowka, Bols, Soplica. CEDC займається дистрибуцією понад 700 брендів, серед яких — Remy Martin, Jagermaster, Metaxa, Corona, Foster's, Jim Beam, Guiness.Про напій:Горілка Zubrowka настоюється на траві «Зубрівка запашна», яка, зростаючи в Біловезькій пущі, є їжею для зубрів, звідки й дістала назву. У народній медицині зубрівку запашну використовують як засіб, що підвищує апетит, підсилює діяльність травного тракту. Наявний у запашній зубрівці глікозид кумарину надає настоянці характерного аромату й терпкого смаку й сприяє апетиту та кращому перетравленню їжі. ",parse/image/vodka/0d1a40c8c869ee86b80e044b58ad6d73.jpg.webp.png
"Горілка Artwinery Legacy Платинова 0,7л 40%",166,Artwinery Legacy,Україна,0.7,,Горілка,40,немає,10-12 °C,"Делікатний з м'яким післясмаком, який приємно обволікає смакові рецептори. Приголомшливі смакові якості здатні задовольнити смак найвибагливіших гурманів",Прозорий,,,33 х 22 х 11,"1,8","Горілка Artwinery Legacy Платинова 0,7л 40%Придбати Горілка Artwinery Legacy Платинова 0,7 л 40% в асортименті та замовити за найкращими цінами можна на нашому сайті RUMKA.ONLINE.Онлайн-гіпермаркет RUMKA.ONLINE пропонує велику колекцію Artwinery Legacy, яка сподобається як знавцям і цінителям цього напою, так і тим, хто тільки починає з ним знайомитися. Ми презентуємо виключно ліцензовану продукцію від провідних брендів, які вже заслужили на визнання на світовому ринку, а тепер їх продукцію зможе повною мірою оцінити та купити Artwinery Legacy Київ, Чернігів, Дніпро, Одеса, Харків, Вінниця, Тернопіль, Хмельницький, Львів, Запоріжжя, Полтава, Суми, Франківськ, Луцьк та Україна. У нас ви можете купити Горілка Artwinery Legacy Платинова 40% 0,7 л 0,7 л 40% за максимально доступною ціною, з доставкою у всі міста країни: Дніпро, Київ, Одеса, Харків, Запоріжжя та інші. У нашому магазині вас здивує доступна ціна на віскі, відмінна якість продукції та сервісу.В онлайн-гіпермаркет RUMKA.ONLINE ви можете придбати Горілка Artwinery Legacy Платинова0,7 л 40% за приємною ціною, а широкий асортимент дозволить кожному знайти свій ідеальний напій. Якість та справжність товару підтверджені сертифікатами, а сама продукція пройшла найсуворіший відбір, перш ніж потрапити до нас на полиці.Кожен місяць ми оновлюємо акційні пропозиції, щоб ви могли ознайомитися з усім спектром видів алкогольних напоїв, не завдаючи удару по кишені.Ми пропонуємо велику лінійку алкоголю власного імпорту, який можна придбати ексклюзивно в RUMKA.ONLINE.Купити Artwinery Legacy у Києві, Одесі, Дніпрі, Харкові, Вінниці та Львові можна як у центрі видачі RUMKA, так і в онлайн-гіпермаркет з можливістю доставки. Замовлення можна сплатити зручним для вас способом.Оператори онлайн-гіпермаркет RUMKA.ONLINE дадуть відповідь на всі ваші запитання по Горілка Artwinery Legacy Платинова 0,7 л 40%, а кависти в маркетах допоможуть підібрати алкогольні напої виходячи з ваших смакових уподобань та особливостей заходу. ",parse/image/vodka/2fdd1c548b65ed84f3812ba93af720bc.jpg.webp.png
"Горілка Stoli 0,75л 40%",420,Stoli,Латвія,0.75,,Горілка,40,ні,20-22 °С,"М'який, солодкуватий із пряним післясмаком",Кришталево чистий,Stoli Mule,,,"1,2","Горілка Stoli 0,75л 40% Придбати Горілка Stoli 0,75 л 0,75 л 40% в асортименті та замовити за найкращими цінами можна на нашому сайті RUMKA.ONLINE. Онлайн-гіпермаркет RUMKA.ONLINE пропонує велику колекцію Stoli, яка сподобається як знавцям і цінителям цього напою, так і тим, хто тільки починає з ним знайомитися. Ми презентуємо виключно ліцензовану продукцію від провідних брендів, які вже заслужили на визнання на світовому ринку, а тепер їхню продукцію зможе повною мірою оцінити та купити Stoli Київ, Чернігів, Дніпро, Одеса, Харків, Вінниця, Тернопіль, Хмельницький, Львів, Запоріжжя, Полтава , Суми, Франківськ, Луцьк та Україна. У нас ви можете купити Горілка Stoli 0,75 л 0,75 л 40% за максимально доступною ціною, з доставкою у всі міста країни: Дніпро, Київ, Одеса, Харків, Запоріжжя та інші. У нашому магазині вас здивує доступна ціна на віскі, відмінна якість продукції та сервісу.В онлайн-гіпермаркет RUMKA.ONLINE ви можете придбати Горілка Stoli 0,75 л 0,75 л 40% за приємною ціною, а широкий асортимент дозволить кожному знайти свій ідеальний напій. Якість та справжність товару підтверджені сертифікатами, а сама продукція пройшла найсуворіший відбір, перш ніж потрапити до нас на полиці.Кожен місяць ми оновлюємо акційні пропозиції, щоб ви могли ознайомитися з усім спектром видів алкогольних напоїв, не завдаючи удару по кишені.Ми пропонуємо велику лінійку алкоголю власного імпорту, який можна придбати ексклюзивно в RUMKA.ONLINE.Купити Stoli у Києві, Одесі, Дніпрі, Харкові, Вінниці та Львові можна як у центрі видачі RUMKA, так і в онлайн-гіпермаркет з можливістю доставки. Замовлення можна сплатити зручним для вас способом.Оператори онлайн-гіпермаркет RUMKA.ONLINE дадуть відповідь на всі ваші запитання по Горілка Stoli 0,75л 0,75 л 40%, а кависти в маркетах допоможуть підібрати алкогольні напої виходячи з ваших смакових уподобань та особливостей заходу. ",parse/image/vodka/7ae8057b215fb6f89a99b9a9abd23e9d.jpg.webp.png
"Горілка Stoli Солона Карамель 0,75л 37,5%",479,Stoli,Латвія,0.75,,Горілка,37.5,ні,10-12 °С,"Делікатний, насичений, з нотками ванілі",Кришталево чистий,Stoli Mule,,"31,6 х 7,3 х, 73","1,21","Алкогольний напій Stoli Солона Карамель 0,75л 37.5% Купити Алкогольний напій Stoli Солона Карамель 0,75 л 0,75 л 37.5% в асортименті і замовити за найкращими цінами можна на нашому сайті RUMKA.ONLINE. Онлайн-гіпермаркет RUMKA.ONLINE пропонує велику колекцію Stoli, яка сподобається як знавцям і цінителям цього напою, так і тим, хто тільки починає з ним знайомитися. Ми презентуємо виключно ліцензовану продукцію від провідних брендів, які вже заслужили на визнання на світовому ринку, а тепер їхню продукцію зможе повною мірою оцінити та купити Stoli Київ, Чернігів, Дніпро, Одеса, Харків, Вінниця, Тернопіль, Хмельницький, Львів, Запоріжжя, Полтава , Суми, Франківськ, Луцьк та Україна. У нас ви можете купити Алкогольний напій Stoli Солона Карамель 0,75 л 0,75 л 37.5% за максимально доступною ціною, з доставкою у всі міста країни: Дніпро, Київ, Одеса, Харків, Запоріжжя та інші. У нашому магазині вас здивує доступна ціна на віскі, відмінна якість продукції та сервісу.В онлайн-гіпермаркет RUMKA.ONLINE ви можете придбати Алкогольний напій Stoli Солона Карамель 0,75 л 0,75 л 37.5% за приємною ціною, а широкий асортимент дозволить кожному знайти свій ідеальний напій. Якість та справжність товару підтверджені сертифікатами, а сама продукція пройшла найсуворіший відбір, перш ніж потрапити до нас на полиці.Кожен місяць ми оновлюємо акційні пропозиції, щоб ви могли ознайомитися з усім спектром видів алкогольних напоїв, не завдаючи удару по кишені.Ми пропонуємо велику лінійку алкоголю власного імпорту, який можна придбати ексклюзивно в RUMKA.ONLINE.Купити Stoli у Києві, Одесі, Дніпрі, Харкові, Вінниці та Львові можна як у центрі видачі RUMKA, так і в онлайн-гіпермаркет з можливістю доставки. Замовлення можна сплатити зручним для вас способом.Оператори онлайн-гіпермаркет RUMKA.ONLINE дадуть відповідь на всі ваші питання по Алкогольний напій Stoli Солона Карамель 0,75л 0,75л 37.5%, а кависти в маркетах допоможуть підібрати алкогольні напої виходячи з ваших смакових уподобань та особливостей заходу. ",parse/image/vodka/8c0d5b72157be612a5c7154a003c89e1.jpg.webp.png
Напій міцний плодовий Хрініво4ка Прикарпатська 10л 25%,1678,Хрінівочка Домашня,,10,,Настоянка,25,1 рік,12 -18 °С,"З тонами меду та хрону, без сторонніх тонів",Бурштиновий,У чистому вигляді,,"21,5 х 9 х 9","10,5","Напій міцний плодовий Хріновочка Домашня 25% 10 л 10 л 25% Купити Напій міцний плодовий Хріновочка Домашня 25% 10 л 10 л 25% в асортименті та замовити за найкращими цінами можна на нашому сайті RUMKA.ONLINE. Онлайн-гіпермаркет RUMKA.ONLINE пропонує велику колекцію Хрінівочка Домашня, яка сподобається як знавцям і цінителям цього напою, так і тим, хто тільки починає з ним знайомитися. Ми презентуємо виключно ліцензовану продукцію від провідних брендів, які вже заслужили на визнання на світовому ринку, а тепер їх продукцію зможе повною мірою оцінити та купити Хрінівочка Домашня Київ, Чернігів, Дніпро, Одеса, Харків, Вінниця, Тернопіль, Хмельницький, Львів, Запоріжжя, Полтава, Суми, Франківськ, Луцьк та Україна. У нас ви можете купити Напій міцний Хроновочка Домашня 25% 10 л 10 л 25% за максимально доступною ціною, з доставкою у всі міста країни: Дніпро, Київ, Одеса, Харків, Запоріжжя та інші. У нашому магазині вас здивує доступна ціна на віскі, відмінна якість продукції та сервісу.В онлайн-гіпермаркет RUMKA.ONLINE ви можете придбати Напій міцний плодовий Хріновочка Домашня 25% 10 л 10 л 25% за приємною ціною, а широкий асортимент дозволить кожному знайти свій ідеальний напій. Якість та справжність товару підтверджені сертифікатами, а сама продукція пройшла найсуворіший відбір, перш ніж потрапити до нас на полиці.Кожен місяць ми оновлюємо акційні пропозиції, щоб ви могли ознайомитися з усім спектром видів алкогольних напоїв, не завдаючи удару по кишені.Ми пропонуємо велику лінійку алкоголю власного імпорту, який можна придбати ексклюзивно в RUMKA.ONLINE.Купити Хрінівочка Домашня у Києві, Одесі, Дніпрі, Харкові, Вінниці та Львові можна як у центрі видачі RUMKA, так і в онлайн-гіпермаркет з можливістю доставки. Замовлення можна сплатити зручним для вас способом.Оператори онлайн-гіпермаркет RUMKA.ONLINE дадуть відповідь на всі ваші питання по Напій міцний плодовий Хріновочка Домашня 25% 10 л 10 л 25%, а кависти в маркетах допоможуть підібрати алкогольні напої виходячи з ваших смакових уподобань та особливостей заходу. ",parse/image/vodka/b4178102c711ebab5f5d1c835be2b707.jpg.webp.png
Напій міцний плодовий Медово4ка Домашня 10л 25%,1746,Медівочка Домашня,Україна,10,,Настоянка,25,1 рік,12 -18 °С,"З легкими тонами меду та кориці, характерний для напоїв міцних плодових.",Від янтарного до темно-бурштинового відтінків,У чистому вигляді,,"21,5 х 9 х 9","10,5","Напій міцний плодовий Медовочка Домашня 25% 10л 10 л 25% Купити Напій міцний плодовий Медовочка Домашня 25% 10л 10л 25% в асортименті і замовити за найкращими цінами можна на нашому сайті RUMKA.ONLINE. Онлайн-гіпермаркет RUMKA.ONLINE пропонує велику колекцію Медівочка Домашня, яка сподобається як знавцям і цінителям цього напою, так і тим, хто тільки починає з ним знайомитися. Ми презентуємо виключно ліцензовану продукцію від провідних брендів, які вже заслужили на визнання на світовому ринку, а тепер їх продукцію зможе повною мірою оцінити та купити Медівочка Домашня Київ, Чернігів, Дніпро, Одеса, Харків, Вінниця, Тернопіль, Хмельницький, Львів, Запоріжжя, Полтава, Суми, Франківськ, Луцьк та Україна. У нас ви можете купити Напій міцний плодовий Медовочка Домашня 25% 10л 10л 25% за максимально доступною ціною, з доставкою у всі міста країни: Дніпро, Київ, Одеса, Харків, Запоріжжя та інші. У нашому магазині вас здивує доступна ціна на віскі, відмінна якість продукції та сервісу.В онлайн-гіпермаркет RUMKA.ONLINE ви можете придбати Напій міцний плодовий Медовочка Домашня 25% 10л 10 л 25% за приємною ціною, а широкий асортимент дозволить кожному знайти свій ідеальний напій. Якість та справжність товару підтверджені сертифікатами, а сама продукція пройшла найсуворіший відбір, перш ніж потрапити до нас на полиці.Кожен місяць ми оновлюємо акційні пропозиції, щоб ви могли ознайомитися з усім спектром видів алкогольних напоїв, не завдаючи удару по кишені.Ми пропонуємо велику лінійку алкоголю власного імпорту, який можна придбати ексклюзивно в RUMKA.ONLINE.Купити Медівочка Домашня у Києві, Одесі, Дніпрі, Харкові, Вінниці та Львові можна як у центрі видачі RUMKA, так і в онлайн-гіпермаркет з можливістю доставки. Замовлення можна сплатити зручним для вас способом.Оператори онлайн-гіпермаркет RUMKA.ONLINE дадуть відповідь на всі ваші питання по Напій міцний плодовий Медовочка Домашня 25% 10л 10 л 25%, а кависти в маркетах допоможуть підібрати алкогольні напої виходячи з ваших смакових уподобань та особливостей заходу. ",parse/image/vodka/6de408c2c99f22dda07b3bf700e30864.jpg.webp.png
Горілка Гетьман Дух Перемоги 1л 40%,272,Гетьман,Україна,1,,Класична,40,немає,7-8ºC,"Класичний, виключно м'який",Прозорий,У чистому вигляді,"Як у чистому вигляді, так і в складі коктейлів. Вживати охолодженим",8 х 8 х 33,"1,63","Горілка Гетьман Дух Перемоги1л 40%Придбати Горілка Гетьман Дух Победы 1л 40% в асортименті та замовити за найкращими цінами можна на нашому сайті RUMKA.ONLINE.Сучасний Львівський завод ""Гетьман"". Виробництво створено найкращими майстрами своєї справи, щоб дарувати нашим клієнтам якість Гетьман-класу. В основі виробництва горілки ""Гетьман"" лежить унікальне поєднання найкращих технологій виробництва, високоступеневе водоочищення та використання натуральних інгредієнтів. За час існування підприємства горілка нашого виробництва перемагала у найрізноманітніших номінаціях та конкурсах, а дегустатори відзначали неповторний смак продукції, її якість та особливості. ",parse/image/vodka/b69e8b82a858310c4e6f4eb63e873eca.jpg.webp.png
"Горілка плодова особлива Перець та Яблуко Pepper&Appele 0,5л 35%",162,Прикарпатський,Україна,0.5,,,35,,,Яблучний з приємним смаком перцю.,Світло-бурштиновий,У чистому вигляді,,33 х 22 х 11,"1,8","Горілка плодова особлива Перець та Яблуко Pepper&Appele Galicia Distillery - виробництво міцних алкогольних напоїв, що має у своєму портфелі бренди коньяків Грінвіч, Бучач та Renuage, фруктові дистиляти Фруктовиця, кальвадос та бренді Прикарпатський, традиційний дистилят із родзинок Песахівка Лехаїм, лікери на натуральній основі. Походження першої частини назви - ""Галичина"" - має історичне коріння і пов'язане з містечком Бучач, де її засновник граф Потоцький 1769 року відкрив виробництво, яке в ті часи називалося ""винокурня"". Друга частина назви заводу Galicia Distillery походить від англійського терміна Distillery - ""виробництво міцного алкоголю"", адже to distill в перекладі з англійської означає сам процес отримання міцних алкогольних напоїв шляхом перегону (дистиляції). ",parse/image/vodka/bd860379b94992f209ebee087b9983d2.jpg.webp.png
"Горілка Гетьман + 2 чарки Подарунковий набір 0,7л 40%",558,Гетьман,,,,Классическая,,,,,,,,,,"ТОВ ""НВП ""Гетьман"" — Львівський виробник горілчаної продукції. Виробництво створено найкращими майстрами своєї справи, щоб дарувати нашим клієнтам якість Гетьман-класу. В основі виробництва горілки ""Гетьман"" лежить унікальне поєднання найкращих технологій виробництва, високоступеневе водоочищення та використання натуральних інгредієнтів. За час існування підприємства горілка нашого виробництва перемагала у найрізноманітніших номінаціях та конкурсах, а дегустатори відзначали неповторний смак продукції, її якість та особливості.Подарунковий набір HETMAN PREMIUM створений для задоволення найвибагливіших покупців, які прагнуть отримати не лише якісний продукт, а також естетичне задоволення. Подарунковий набір доповнить ваше свято вишуканістю та розкішшю. В набір входить пляшка горілки Гетьман об'ємом 700 мл, міцністю 40% та 2 чарки у фірмовому дизайні. ",parse/image/vodka/f402fb44293bc27523dc3f76b9fa4515.jpg.webp.png
"Горілка Червона Калина Українська 0,7л 40%",245,Червона Калина,Україна,0.7,,,40,,,,,,,33 х 22 х 11,"1,8","Преміальна горілка Червона Калина - візитна картка нашої компанії. Тисячолітній символ українського добробуту, гілками якого переплетена вся наша історія. Відома від Сходу до Заходу і далеко за межами нашої країни. Червона Калина - символ та амбасадор української гостинності. Преміальна горілка Червона Калина увібрала в себе національні українські символи та тому може стати амбасадором української гостинності у кожному куточку нашої країни та навіть за її межами. ",parse/image/vodka/e861727b5db06002e3d25d90a5a9a5e7.jpg.webp.png
"Горілка Червона Калина Українська 0,5л 40%",185,Червона Калина,Україна,0.5,,,40,,,,,,,33 х 22 х 11,"1,8","Преміальна горілка Червона Калина - візитна картка нашої компанії. Тисячолітній символ українського добробуту, гілками якого переплетена вся наша історія. Відома від Сходу до Заходу і далеко за межами нашої країни. Червона Калина - символ та амбасадор української гостинності. Преміальна горілка Червона Калина увібрала в себе національні українські символи та тому може стати амбасадором української гостинності у кожному куточку нашої країни та навіть за її межами. ",parse/image/vodka/b26859e444c18bce7cd309d31df1f742.jpg.webp.png
"Настоянка Дика Воля Медова з перцем 0,25л 40%",73,Дика Воля,Україна,0.25,,,40,,,,,,,33 х 22 х 11,"1,8","Приборкати волю та свободу українського народу неможливо. Наша воля від народження відображена у наших генах. Вона ламає всі кайдани, розжарює у венах кров і рветься в бій, як табун шалених скакунів. Відчуйте цей міцний характер та непереборний дух українського братства вільних людей. ",parse/image/vodka/64f40749d8bdc3f1c374e6f89d38612a.jpg.webp.png
"Горілка Дика Воля Народна 0,25л 40%",70,Дика Воля,Україна,0.25,,,40,,,,,,,33 х 22 х 11,"1,8","Приборкати волю та свободу українського народу неможливо. Наша воля від народження відображена у наших генах. Вона ламає всі кайдани, розжарює у венах кров і рветься в бій, як табун шалених скакунів.Відчуйте цей міцний характер та непереборний дух українського братства вільних людей. ",parse/image/vodka/16d399232273659de0a830518c142e77.jpg.webp.png
"Горілка Дика Воля Класична 0,25л 40%",70,Дика Воля,Україна,0.25,,,40,,,,,,,33 х 22 х 11,"1,8","Приборкати волю та свободу українського народу неможливо. Наша воля від народження відображена у наших генах. Вона ламає всі кайдани, розжарює у венах кров і рветься в бій, як табун шалених скакунів.Відчуйте цей міцний характер та непереборний дух українського братства вільних людей. ",parse/image/vodka/957b7dcec2beb63d4eccf0af3675893d.jpg.webp.png
"Горілка Дика Воля Народна 0,5л 40%",126,Дика Воля,Україна,0.5,,,40,,,,,,,33 х 22 х 11,"1,8","Приборкати волю та свободу українського народу неможливо. Наша воля від народження відображена у наших генах. Вона ламає всі кайдани, розжарює у венах кров і рветься в бій, як табун шалених скакунів.Відчуйте цей міцний характер та непереборний дух українського братства вільних людей. ",parse/image/vodka/180d666fb678e24ac907b2bf920f4220.jpg.webp.png
"Горілка Дика Воля Класична 0,5л 40%",126,Дика Воля,Україна,0.5,,,40,,,,,,,33 х 22 х 11,"1,8","Приборкати волю та свободу українського народу неможливо. Наша воля від народження відображена у наших генах. Вона ламає всі кайдани, розжарює у венах кров і рветься в бій, як табун шалених скакунів. Відчуйте цей міцний характер та непереборний дух українського братства вільних людей. ",parse/image/vodka/7e398be2f8372ad37009042360083671.jpg.webp.png
"Горілка Червона Калина Зимова 0,5л 40%",183,Червона Калина,Україна,0.5,,,40,,,,,,,,,"Преміальна горілка ""Червона калина"" - візитна картка компанії-виробника. Поєднання теплоти гостинності українського народу та привітності - стали символом цього бренду. Це унікальна і самодостатня горілка з правильним смаком та ароматом, має свіжий, прохолодний післясмак. Чудовий подарунок з елементами української гостинності. ",parse/image/vodka/2773e2e132c8d1b27bd7e4a9c0707542.jpg.webp.png
"Горілка Червона Калина Калинова 0,7л 40%",245,Червона Калина,Україна,0.7,,,40,,,,,,,33 х 22 х 11,"1,8","Преміальна горілка ""Червона калина"" - візитна картка компанії-виробника. Поєднання теплоти гостинності українського народу та привітності - стали символом цього бренду. Це унікальна і самодостатня горілка з правильним смаком та ароматом, має свіжий, прохолодний післясмак. Чудовий подарунок з елементами української гостинності. ",parse/image/vodka/7b354ec7e42ad9731c60cec3a9a88631.jpg.webp.png
"Горілка Червона Калина Класична 0,7л 40%",245,Червона Калина,Україна,0.7,,,40,,,,,,,33 х 22 х 11,"1,8","Преміальна горілка ""Червона калина"" - візитна картка компанії-виробника. Поєднання теплоти гостинності українського народу та привітності - стали символом цього бренду. Це унікальна і самодостатня горілка з правильним смаком та ароматом, має свіжий, прохолодний післясмак. Чудовий подарунок з елементами української гостинності. ",parse/image/vodka/e0432d4e725d4887627201bbe621e5bc.jpg.webp.png
"Горілка Червона Калина Класична 0,5л 40%",185,Червона Калина,Україна,0.5,,,40,,,,,,,,,"Преміальна горілка ""Червона калина"" - візитна картка компанії-виробника. Поєднання теплоти гостинності українського народу та привітності - стали символом цього бренду. Це унікальна і самодостатня горілка з правильним смаком та ароматом, має свіжий, прохолодний післясмак. Чудовий подарунок з елементами української гостинності. ",parse/image/vodka/7393476cdd597435e096adf5aa726565.jpg.webp.png
"Горілка Rada Respect 0,7л 40%",249,Rada,Україна,0.7,,,40,,,"М'який, горілчаний",Прозорий,,,,"1,8","Горілка Rada (Рада) Respect є авторським продуктом, в якому поєднується ексклюзивна рецептура, унікальна технологія очищення та оригінальний дизайн пляшки. Вона виготовляється на сучасному технологічно модернізованому обладнанні відповідно до всіх стандартів виробництва виготовлення з використанням найчистішої артезіанської води та спирту класу люкс із добірних сортів пшениці. Готова горілка проходить 11-кратну фільтрацію, з використанням кварцу, а також березового та кокосового вугілля. Саме ці складові гарантують високу якість кінцевого продукту та його відомий смак. ",parse/image/vodka/304c0c7b0302942b7b0866cf95c4c58e.jpg.webp.png
"Горілка Rada Special 0,7л 40%",249,Rada,Україна,0.7,,,40,,,"М'який, горілчаний",Прозорий,,,,"1,8","Горілка Rada (Рада) Special - є авторським продуктом, в якому поєднується ексклюзивна рецептура, унікальна технологія очищення та оригінальний дизайн пляшки. Для її виготовлення використовують найчистішу артезіанську воду та спирт класу люкс із добірних сортів пшениці. Готова горілка проходить 11-кратну фільтрацію, з використанням кварцу, а також березового та кокосового вугілля. Саме ці складові гарантують високу якість кінцевого продукту та його відомий смак. ",parse/image/vodka/172ef5ed67e78c40041789418c16f372.jpg.webp.png
"Горілка Rada Classic 0,7л 40%",249,Rada,Україна,0.7,,,40,,,"Традиційний, горілчаний",Прозорий,,,,"1,8","Горілка Rada (Рада) Classic – класика, яка стирає межі. Бездоганна чистота і невагомий зігріваючий смак горілки оцінять у будь-якій точці земної кулі. Це ідеальний вибір для тих, хто любить свободу та подорожі.Прекрасно п'ється як соло, і у складі різних коктейлів. Надійний компаньйон, який підтримає у будь-якій ситуації.Горілка преміум-класу від українського виробника. Готується ця горілка на основі артезіанської води та спирту класу люкс із добірних сортів пшениці на новітньому устаткуванні.При приготуванні виробник дотримується всіх стандартів виробництва. А наприкінці вже готова горілка проходить 11-ти ступінчасту фільтрацію за допомогою кварцу та кокосового вугілля.Всі ці інструменти та інгредієнти на виході дають найвищу якість. ",parse/image/vodka/0b62fc41709a6a0c6631effd8fa3e540.jpg.webp.png
"Горілка Гетьман Преміум Якості 0,7л 40% у сувенірній коробці",930,Гетьман,Україна,0.7,,Класична,40,,,"М'який, горілчаний",Прозорий,У чистому вигляді,,,"1,8","ТОВ ""НВП"" Гетьман "" — Львівський виробник горілчаної продукції. Виробництво створене найкращими майстрами свого діла, щоб дарувати нашим клієнтам якість Гетьман-класу. В основі виробництва горілки ""Гетьман"" лежить унікальне поєднання найкращих технологій виробництва, високоступеневе водоочищення і використання натуральних інгредієнтів.За час існування підприємства горілка нашого виробництва перемагала в найрізноманітніших номінаціях та конкурсах, а дегустатори зазначали неповторний смак продукції, її якість і особливості. ",parse/image/vodka/e30e68ca381c3e9ea783f9f46b446b78.jpg.webp.png
"Горілка Smereka Зимова 0,7л 40%",149,SMEREKA,Україна,0.7,,Горілка класична,40,немає,7-8 ºC,Класичний,Прозора,"у чистому вигляді, основа для коктейлів",Поєднується з будь-якими холодними і гарячими стравами,"32,2","1,22","Понад 200-річний досвід вдосконалення та виготовлення горілчаних виробів. У виробництві горілчаних виробів заводу «ДП Уманський лікеро-горілчаний завод» лежить унікальне поєднання сучасних технологій з передовими розробками наших технологів, яке дозволяє створювати високоякісний алкоголь. Ми неодноразово підтверджуємо якість українського алкоголю як національного продукту на світовій арені, займаючи високі щаблі на європейських ринках та відповідаючи усім світовим стандартам ",parse/image/vodka/4e7ebd82df4cf4c9633d9719042ae198.jpg.webp.png
"Горілка Smereka Джерельна 0,7л 40%",149,SMEREKA,Україна,0.7,,Горілка класична,40,немає,7-8 ºC,Класичний,Прозора,"у чистому вигляді, основа для коктейлів",Поєднується з будь-якими холодними і гарячими стравами,"32,2","1,22","Понад 200-річний досвід вдосконалення та виготовлення горілчаних виробів. У виробництві горілчаних виробів заводу «ДП Уманський лікеро-горілчаний завод» лежить унікальне поєднання сучасних технологій з передовими розробками наших технологів, яке дозволяє створювати високоякісний алкоголь. Ми неодноразово підтверджуємо якість українського алкоголю як національного продукту на світовій арені, займаючи високі щаблі на європейських ринках та відповідаючи усім світовим стандартам ",parse/image/vodka/82ec66a123d9ec7c376443f88b94d4e0.jpg.webp.png
"Горілка Smereka Гірська 0,7л 40%",149,SMEREKA,Україна,0.7,,Горілка класична,40,немає,7-8 ºC,Класичний,Прозора,"у чистому вигляді, основа для коктейлів",Поєднується з будь-якими холодними і гарячими стравами,"32,2","1,22","Понад 200-річний досвід вдосконалення та виготовлення горілчаних виробів. У виробництві горілчаних виробів заводу «ДП Уманський лікеро-горілчаний завод» лежить унікальне поєднання сучасних технологій з передовими розробками наших технологів, яке дозволяє створювати високоякісний алкоголь. Ми неодноразово підтверджуємо якість українського алкоголю як національного продукту на світовій арені, займаючи високі щаблі на європейських ринках та відповідаючи усім світовим стандартам ",parse/image/vodka/9b222b9938c6c61dcf3bc1df4e718e26.jpg.webp.png
"Горілка Легка Рука Святкова 0,7л 40%",153,Легка Рука,Україна,0.7,,Горілка,40,немає,7-8 С,Класичний,Прозорий,"у чистому вигляді, основа для коктейлів",Поєднується з будь-якими холодними і гарячими стравами,"27,1","1,21","Понад 200-річний досвід вдосконалення та виготовлення горілчаних виробів. У виробництві горілчаних виробів заводу «ДП Уманський лікеро-горілчаний завод» лежить унікальне поєднання сучасних технологій з передовими розробками наших технологів, яке дозволяє створювати високоякісний алкоголь. Ми неодноразово підтверджуємо якість українського алкоголю як національного продукту на світовій арені, займаючи високі щаблі на європейських ринках та відповідаючи усім світовим стандартам. ",parse/image/vodka/b091edc8616936f5678a81a8b82ecee7.jpg.webp.png
"Горілка Легка Рука Дружня 0,7л 40%",153,Легка Рука,Україна,0.7,,Горілка,40,немає,7-8 С,Класичний,Прозорий,"у чистому вигляді, основа для коктейлів",Поєднується з будь-якими холодними і гарячими стравами,"27,1","1,21","Понад 200-річний досвід вдосконалення та виготовлення горілчаних виробів. У виробництві горілчаних виробів заводу «ДП Уманський лікеро-горілчаний завод» лежить унікальне поєднання сучасних технологій з передовими розробками наших технологів, яке дозволяє створювати високоякісний алкоголь. Ми неодноразово підтверджуємо якість українського алкоголю як національного продукту на світовій арені, займаючи високі щаблі на європейських ринках та відповідаючи усім світовим стандартам. ",parse/image/vodka/c12b52e181f927ce9eba265d05761ac3.jpg.webp.png
"Горілка Легка Рука Батьківська 0,7л 40%",153,Легка Рука,Україна,0.7,,Горілка,40,немає,7-8 С,Класичний,Прозорий,"у чистому вигляді, основа для коктейлів",Поєднується з будь-якими холодними і гарячими стравами,"27,1","1,21","Понад 200-річний досвід вдосконалення та виготовлення горілчаних виробів. У виробництві горілчаних виробів заводу «ДП Уманський лікеро-горілчаний завод» лежить унікальне поєднання сучасних технологій з передовими розробками наших технологів, яке дозволяє створювати високоякісний алкоголь. Ми неодноразово підтверджуємо якість українського алкоголю як національного продукту на світовій арені, займаючи високі щаблі на європейських ринках та відповідаючи усім світовим стандартам. ",parse/image/vodka/5b282df08ba38908e9c2fbe27d1f59c8.jpg.webp.png
"Горілка Smereka Зимова 0,2л 40%",46,SMEREKA,Україна,0.2,,Горілка класична,40,немає,7-8 ºC,Класичний,Прозора,"у чистому вигляді, основа для коктейлів",Поєднується з будь-якими холодними і гарячими стравами,"20,2","0,38","Понад 200-річний досвід вдосконалення та виготовлення горілчаних виробів. У виробництві горілчаних виробів заводу «ДП Уманський лікеро-горілчаний завод» лежить унікальне поєднання сучасних технологій з передовими розробками наших технологів, яке дозволяє створювати високоякісний алкоголь. Ми неодноразово підтверджуємо якість українського алкоголю як національного продукту на світовій арені, займаючи високі щаблі на європейських ринках та відповідаючи усім світовим стандартам ",parse/image/vodka/4fea43f528bdb5f1b0830ea9158740a1.jpg.webp.png
"Горілка Smereka Джерельна 0,2л 40%",46,SMEREKA,Україна,0.2,,Горілка класична,40,немає,7-8 ºC,Класичний,Прозора,"у чистому вигляді, основа для коктейлів",Поєднується з будь-якими холодними і гарячими стравами,"20,2","0,38","Понад 200-річний досвід вдосконалення та виготовлення горілчаних виробів. У виробництві горілчаних виробів заводу «ДП Уманський лікеро-горілчаний завод» лежить унікальне поєднання сучасних технологій з передовими розробками наших технологів, яке дозволяє створювати високоякісний алкоголь. Ми неодноразово підтверджуємо якість українського алкоголю як національного продукту на світовій арені, займаючи високі щаблі на європейських ринках та відповідаючи усім світовим стандартам ",parse/image/vodka/a5de2383b3bac62ced371194b3d3663f.jpg.webp.png
"Горілка Smereka Гірська 0,2л 40%",46,SMEREKA,Україна,0.2,,Горілка класична,40,немає,7-8 ºC,Класичний,Прозора,"у чистому вигляді, основа для коктейлів",Поєднується з будь-якими холодними і гарячими стравами,"20,2","0,38","Понад 200-річний досвід вдосконалення та виготовлення горілчаних виробів. У виробництві горілчаних виробів заводу «ДП Уманський лікеро-горілчаний завод» лежить унікальне поєднання сучасних технологій з передовими розробками наших технологів, яке дозволяє створювати високоякісний алкоголь. Ми неодноразово підтверджуємо якість українського алкоголю як національного продукту на світовій арені, займаючи високі щаблі на європейських ринках та відповідаючи усім світовим стандартам ",parse/image/vodka/77819f6ff36a6af43798c98a2a35d8dd.jpg.webp.png
"Горілка Pisnya Ре 0,2л 40%",46,PISNYA,Україна,0.2,,класична,40,Ні,7-8 ºC,"М'який, горілчаний",Прозорий,,,33 х 22 х 11,"0,905","Горілка Pisnya Rе Особлива - освіжаюча новинка українського виробника. Включає ароматні спирти, які виробляють на заводі самостійно. На початку одні з них пом'якшують смак, інші на завершення додають прохолодний ефект ментолу. Pisnya - один із брендів Сучасного Львівського заводу ""Гетьман"". У виробництві горілчаних виробів заводу лежить унікальне поєднання сучасних технологій із передовими розробками технологів, що дозволяє створювати високоякісний алкоголь. Унікальна технологія структуризації спирту, що забезпечує ""безпохмільний"" ефект, є запорукою легкого ранку. П'ятиступеневе очищення води, засноване на використанні гірського кришталю.Легенда: Завод Гетьман розташований на території найстарішої гуральні Галичини, засновниками якої є родина Бачевських. Фірма Бачевських одна з перших запровадила подвійний процес ректифікації спирту, завдяки чому отримала набагато ніжніші та прозоріші лікери та горілки, ніж інші марки. Саме це і дозволило компанії здобути популярність і право на престижну марку ""Імперський орел"" від цісарського двору, а згодом і право титулуватися як ""Постачальник Цисарського та королівського Двору"". Однією з найвизначніших особистостей в історії горілки є Юзеф Адам Бачевський, який розпочав експорт львівського алкоголю до Європи. За час існування заводу горілка виробництва перемагала в різних номінаціях і конкурсах, а дегустатори світового рівня відзначали її неповторний смак, якість та особливості. ",parse/image/vodka/4542255a252da087a65f905903095a69.jpg.webp.png
"Горілка Pisnya До 0,2л 40%",46,PISNYA,Україна,0.2,,класична,40,Ні,7-8 ºC,"М'який, горілчаний",Прозорий,,,33 х 22 х 11,"0,905","Горілка Pisnya Do Класична - якість Гетьмана класу. Етностиль та культурні традиції виробництва наповнюють смак класичної горілки Pisnya Do. В її основі кришталева вода та високоякісний спирт класу люкс із натуральних інгредієнтів, вирощених на території нашої країни. Легкість та класичний горілчаний смак відчувається з першого ковтка.Pisnya - один із брендів Сучасного Львівського заводу ""Гетьман"". У виробництві горілчаних виробів заводу лежить унікальне поєднання сучасних технологій із передовими розробками технологів, що дозволяє створювати високоякісний алкоголь. Унікальна технологія структуризації спирту, що забезпечує ""безпохмільний"" ефект, є запорукою легкого ранку. П'ятиступеневе очищення води, засноване на використанні гірського кришталю.Легенда: Завод Гетьман розташований на території найстарішої гуральні Галичини, засновниками якої є родина Бачевських. Фірма Бачевських одна з перших запровадила подвійний процес ректифікації спирту, завдяки чому отримала набагато ніжніші та прозоріші лікери та горілки, ніж інші марки. Саме це і дозволило компанії здобути популярність і право на престижну марку ""Імперський орел"" від цісарського двору, а згодом і право титулуватися як ""Постачальник Цисарського та королівського Двору"". Однією з найвизначніших особистостей в історії горілки є Юзеф Адам Бачевський, який розпочав експорт львівського алкоголю до Європи. За час існування заводу горілка виробництва перемагала в різних номінаціях і конкурсах, а дегустатори світового рівня відзначали її неповторний смак, якість та особливості. ",parse/image/vodka/32642914bda8392d67297ed48d7e099c.jpg.webp.png
"Горілка Легка Рука Святкова 0,18л 40%",45,Легка Рука,Україна,0.18,,Горілка,40,,7-8 С,Класичний,Прозорий,,,"5 х 6,6 х 16,8","0,344","Понад 200-річний досвід вдосконалення та виготовлення горілчаних виробів. У виробництві горілчаних виробів заводу «ДП Уманський лікеро-горілчаний завод» лежить унікальне поєднання сучасних технологій з передовими розробками наших технологів, яке дозволяє створювати високоякісний алкоголь. Ми неодноразово підтверджуємо якість українського алкоголю як національного продукту на світовій арені, займаючи високі щаблі на європейських ринках та відповідаючи усім світовим стандартам. ",parse/image/vodka/3c21cd7822735414d3d948ffe14d80a1.jpg.webp.png
"Горілка Легка Рука Дружня 0,18л 40%",45,Легка Рука,Україна,0.18,,Горілка,40,,7-8 С,Класичний,Прозорий,,,"5 х 6,6 х 16,8","0,344","Понад 200-річний досвід вдосконалення та виготовлення горілчаних виробів. У виробництві горілчаних виробів заводу «ДП Уманський лікеро-горілчаний завод» лежить унікальне поєднання сучасних технологій з передовими розробками наших технологів, яке дозволяє створювати високоякісний алкоголь. Ми неодноразово підтверджуємо якість українського алкоголю як національного продукту на світовій арені, займаючи високі щаблі на європейських ринках та відповідаючи усім світовим стандартам. ",parse/image/vodka/530b5799a990af4d1da4b3df5c48aaa5.jpg.webp.png
"Горілка Легка Рука Батьківська 0,18л 40%",45,Легка Рука,Україна,0.18,,Горілка,40,,7-8 С,Класичний,Прозорий,,,"5 х 6,6 х 16,8","0,344","Понад 200-річний досвід вдосконалення та виготовлення горілчаних виробів. У виробництві горілчаних виробів заводу «ДП Уманський лікеро-горілчаний завод» лежить унікальне поєднання сучасних технологій з передовими розробками наших технологів, яке дозволяє створювати високоякісний алкоголь. Ми неодноразово підтверджуємо якість українського алкоголю як національного продукту на світовій арені, займаючи високі щаблі на європейських ринках та відповідаючи усім світовим стандартам. ",parse/image/vodka/5293e7f23f114246df74e8135a195dae.jpg.webp.png
"Горілка Особлива Oxygenium 0,7л 40%",156,Oxygenium,Україна,0.7,,Класичний,40,,5-7 ° С,має збалансований та м'який смак.,Прозорий,,,33 х 22 х 11,"1,8","Вода артезіанська питна, етиловий ректифікований спирт ""Люкс"", білий цукор, ароматні спирти: колір липи, плоди чорної смородини.Факти про Oxygenium:Oxygenium (лат.) – кисень.Оновлений молодіжний дизайн пляшкиПатріотичний та яскравий колір етикеткиГорілка oxygenium – це територія легкості та гумору.При замовленні ви отримуєте пляшку з жовтою або блакитною етикеткою.Смак горілки однаковий незалежно від кольору етикетки. ",parse/image/vodka/c593f8d26d3f38f9914ad491b4248257.jpg.webp.png
"Горілка Особлива Oxygenium 0,1л 40%",30,Oxygenium,Україна,0.1,,Класичний,40,,5-7 ° С,має збалансований та м'який смак.,Прозорий,,,,"1,8","Вода артезіанська питна, етиловий ректифікований спирт ""Люкс"", білий цукор, ароматні спирти: колір липи, плоди чорної смородини.Факти про Oxygenium:Oxygenium (лат.) – кисень.Оновлений молодіжний дизайн пляшкиПатріотичний та яскравий колір етикеткиГорілка oxygenium – це територія легкості та гумору.При замовленні ви отримуєте пляшку з жовтою або блакитною етикеткою.Смак горілки однаковий незалежно від кольору етикетки. ",parse/image/vodka/f0b466cd4bbf41ff096a425461783e9b.jpg.webp.png
"Горілка особлива Oxygenium 0,5л 40%",102,Oxygenium,Україна,0.5,,Класичний,40,,5-7 ° С,має збалансований та м'який смак.,Прозорий,,,33 х 22 х 11,"1,8","Вода артезіанська питна, етиловий ректифікований спирт ""Люкс"", білий цукор, ароматні спирти: колір липи, плоди чорної смородини.Факти про Oxygenium:Oxygenium (лат.) – кисень.Оновлений молодіжний дизайн пляшкиПатріотичний та яскравий колір етикеткиГорілка oxygenium – це територія легкості та гумору.При замовленні ви отримуєте пляшку з жовтою або блакитною етикеткою.Смак горілки однаковий незалежно від кольору етикетки. ",parse/image/vodka/66c63a8f87d9aa544f3a31e0e7f36ad2.jpg.webp.png
"Горілка Особлива Oxygenium 0,25л 40%",57,Oxygenium,Україна,0.25,,Класична,40,,5-7 ° С,має збалансований та м'який смак.,Прозорий,,,33 х 22 х 11,"1,8","Вода артезіанська питна, етиловий ректифікований спирт ""Люкс"", білий цукор, ароматні спирти: колір липи, плоди чорної смородини.Факти про Oxygenium:Oxygenium (лат.) – кисень.Оновлений молодіжний дизайн пляшкиПатріотичний та яскравий колір етикеткиГорілка oxygenium – це територія легкості та гумору.При замовленні ви отримуєте пляшку з жовтою або блакитною етикеткою.Смак горілки однаковий незалежно від кольору етикетки. ",parse/image/vodka/52da7531c4d51f9e430de84ed2e93276.jpg.webp.png
"Горілка Гетьман Українське зерно 0,5л 40%",141,Гетьман,Україна,0.5,,Горілка,40,,7-8ºC,м'який,Прозорий,"у чистому вигляді, як основа для коктейлів",,8 х 8 х 30,"0,945","Горілка Гетьман Українське зерно має чистий прозорий колір та м'який класичний смак. Горілка володіє чистим пшеничним ароматом. Завдяки своїй високій якості горілка Гетьман Українське зерно здобула довіру споживачів та стала одним із найпопулярніших продуктів серед поціновувачів алкогольних напоїв в Україні. Ця горілка преміум-класу виготовлена зі спирту ""Пшенична сльоза"" на основі карпатської води. Не проґавте шанс спробувати неперевершений смак та якість горілки Гетьман Українське зерно. Насолоджуйтесь чудовим смаком у компанії з друзями чи сімейному колі. ""Гетьман"" - львівський виробник горілчаної продукції. Виробництво створено найкращими майстрами своєї справи, щоб дарувати якість преміум-класу. В основі виробництва горілки Гетьман Українське зерно лежить унікальне поєднання найкращих технологій, високоступеневе водоочищення та використання натуральних інгредієнтів. ",parse/image/vodka/bb7b41b3f08ff477c9eaa64da68868da.jpg.webp.png
"Горілка Гетьман Дух Перемоги 0,7л 40%",199,Гетьман,Україна,0.7,,Горілка,40,,7-8ºC,м'який,Прозорий,"у чистому вигляді, як основа для коктейлів",,"35 х 3,6 х 6,9","1,206","Виробництво створили найкращі майстри своєї справи, щоби дарувати клієнтам якість Гетьман-класу. В основі виробництва горілки Гетьман лежить унікальне поєднання найкращих технологій виробництва, високоступеневе водоочищення та використання натуральних інгредієнтів. За час існування підприємства горілка цього виробництва перемагала у найрізноманітніших номінаціях та конкурсах, а дегустатори відзначали неповторний смак продукції, її якість та особливості. ",parse/image/vodka/c3a453b3404f7a94d2263acb2d237abb.jpg.webp.png
